Gender,Age,EstimatedSalary
1,26,64738
1,39,42270
0,41,94370
1,58,26107
0,51,38809
0,42,50923
0,49,95440
0,22,75573
0,58,80015
0,18,70752
1,36,187049
1,31,116504
-1,57,76423
0,52,40249
1,35,24940
1,35,85566
0,32,50679
0,22,56192
0,36,76428
1,50,80204
1,33,43785
2,29,87183
1,44,27155
0,31,59202
0,44,135276
1,41,49550
0,25,37527
1,49,123118
1,32,81163
0,19,38089
0,45,91098
0,24,109645
0,43,171766
0,57,136196
1,48,74126
0,46,33259
1,21,34394
1,21,48129
1,43,56466
0,33,56799
1,37,40982
1,34,69016
0,43,95972
0,55,97158
0,31,40483
1,41,193627
0,57,32818
2,32,73295
1,34,40773
1,31,33477
0,42,124030
0,50,70298
1,38,68685
0,54,179058
1,41,49920
0,34,44812
0,39,51828
1,39,27422
0,58,26224
0,43,85105
-1,59,59394
1,55,108188
0,52,30335
0,46,155963
0,47,70920
0,50,119293
0,30,16607
0,46,67298
0,48,89238
0,37,99389
1,28,29561
0,20,70952
1,46,30944
0,37,88389
1,30,71978
0,51,47041
0,33,50753
1,24,104730
1,31,148887
0,28,91024
1,19,47500
1,37,114833
0,56,125910
0,39,88018
0,39,148037
0,39,139906
1,37,25142
0,38,81646
1,48,68921
0,42,162854
1,22,42752
1,55,100848
0,44,122604
0,38,78615
1,45,85025
1,43,86942
1,42,85855
1,49,103817
1,27,72982
1,31,66778
0,37,42764
1,21,104148
1,34,80174
0,21,58192
2,43,28460
0,20,37132
1,44,91594
0,54,68126
0,48,98285
0,52,9641
0,51,149747
2,23,31568
1,54,104886
0,32,28059
0,46,172229
0,42,35877
0,46,148194
0,46,24695
0,46,30138
0,41,43937
1,36,110338
0,37,47877
2,38,45911
1,34,109826
0,30,86380
1,40,111117
0,35,97303
1,25,118131
0,55,76105
2,32,111973
0,33,135879
1,32,23042
0,48,122497
1,27,35892
-1,28,40075
1,28,39747
0,28,95054
0,48,165067
1,28,77158
0,56,96212
1,55,54336
1,25,49483
0,40,67596
1,18,69276
1,48,133553
0,23,29532
1,47,83641
1,45,114876
0,18,107781
0,44,144481
1,34,113344
1,23,75910
1,36,61404
0,43,94718
1,27,30658
0,56,99702
0,45,66159
1,25,24017
0,53,75937
0,35,35231
1,40,172749
1,31,156983
1,32,45284
1,43,92279
1,49,99299
0,25,45913
1,46,31521
0,29,48655
0,55,83307
1,28,41090
0,51,19994
1,38,135726
1,38,186361
0,48,178828
1,30,44359
1,34,102991
1,38,34424
1,22,66091
0,22,24528
1,46,49395
0,45,41274
0,57,59520
1,33,47990
1,47,69453
1,34,63192
0,40,62194
1,41,127775
1,34,70647
-1,34,106093
1,43,113242
0,29,73039
1,36,42500
1,52,87562
1,42,106124
0,25,69068
0,38,57131
0,38,95616
1,52,76906
1,33,102953
0,38,68561
0,26,119404
1,31,29805
1,38,90785
0,45,46826
0,21,71628
1,47,113696
0,41,31219
1,46,10299
1,26,59476
0,26,49926
1,32,50723
0,44,63280
0,32,33502
0,31,51332
0,38,54288
1,31,58200
0,38,152282
1,41,84824
-1,50,31234
0,59,130102
0,37,45825
0,44,68813
1,27,96127
0,24,100059
0,51,103841
1,41,76497
0,38,122718
0,58,100060
0,54,57518
1,28,22800
1,45,53325
1,45,47332
0,43,43042
0,45,18314
1,53,44575
0,35,78004
1,44,89793
1,30,89411
1,55,37205
1,47,57041
0,33,33541
0,38,27263
-1,23,108452
1,35,46141
2,19,79453
1,39,40959
1,37,39611
0,20,32401
2,49,82793
1,21,73932
0,54,110320
0,46,73685
-1,30,61590
1,29,26143
1,33,137102
0,28,44531
1,30,24737
1,23,61551
0,49,96006
2,18,8692
1,19,55151
0,48,36013
1,19,129739
0,36,47340
0,24,24696
0,31,68632
1,25,19606
0,53,44779
1,23,70652
1,42,70010
0,41,71277
0,52,73877
0,47,13016
1,23,106462
1,34,68902
0,54,34638
1,27,70196
0,33,117633
0,33,67478
1,40,72319
0,35,98973
1,33,24121
0,48,96233
0,37,108933
0,55,42500
0,24,145908
1,42,79041
0,48,106811
0,59,31719
0,53,34044
0,18,72761
0,48,85295
1,26,78727
0,42,105756
1,20,80642
1,49,86436
1,43,69386
0,52,176553
2,39,100990
1,24,104644
2,32,65455
1,42,71165
1,37,46595
0,21,73277
1,28,17159
0,40,59472
0,36,78390
1,38,39627
1,26,122477
0,54,57946
0,47,63059
0,36,71844
1,20,152500
0,23,56156
1,33,91468
0,46,66923
0,38,81864
1,34,41461
1,53,64506
1,42,68938
1,24,75761
1,42,37397
1,36,25565
0,43,162211
0,46,67866
1,55,98918
-1,28,143150
1,47,63846
0,23,79949
1,35,108035
1,24,88048
0,33,64688
1,23,58668
0,30,17624
0,34,187292
0,29,74075
0,39,129880
1,39,87544
1,39,103732
1,21,27527
0,35,80039
0,25,41145
1,51,137919
0,20,17292
0,24,127941
1,59,83173
0,59,43373
0,58,114219
0,46,95891
1,26,52553
1,49,66926
0,58,149337
0,42,75241
1,53,127013
1,41,74898
1,21,111247
0,29,55588
1,54,37042
1,53,99686
0,38,17106
1,39,43775
1,20,72467
0,43,209594
1,34,134225
0,42,111974
0,48,68953
1,59,137827
1,44,86079
0,37,31160
0,38,96788
0,21,51354
0,38,66971
1,31,38069
1,21,45883
1,40,66059
0,47,80075
1,31,61253
0,48,121516
0,26,112692
1,50,85005
1,44,80266
1,20,83908
0,45,94866
0,29,22996
0,41,62543
1,27,91399
1,38,73052
1,45,160779
0,23,71197
1,42,57431
0,41,135259
1,29,47655
0,38,52353
1,20,89305
0,48,34373
0,35,250039
0,37,56812
0,32,52815
0,44,68587
0,44,33583
0,48,88601
0,46,87640
0,49,81508
1,38,134327
1,29,61956
1,45,182829
0,26,-1911
1,46,77577
0,25,23477
1,31,81433
0,31,48110
1,20,97271
0,38,49609
0,46,38297
1,38,70959
1,48,65847
1,29,7893
1,43,60299
1,30,48012
0,36,13435
1,42,85420
0,55,80392
0,43,60421
1,25,55538
1,53,116057
0,28,20374
0,56,48775
1,21,46753
1,59,67840
0,42,43794
2,40,21373
1,35,62642
1,29,102449
0,19,46201
1,52,102244
1,36,61287
0,19,88200
0,35,78959
0,34,16795
0,18,102293
0,23,54035
0,19,65509
1,50,42561
0,47,62092
1,48,44412
1,53,102709
0,44,59640
1,23,58837
1,26,55365
0,53,104702
1,54,61933
0,20,52210
1,30,95161
-1,44,90766
0,36,88092
0,42,81465
0,36,65562
1,32,126803
0,40,66077
0,30,67180
1,34,104089
0,49,109302
0,35,92996
1,44,43998
0,30,63430
1,29,26802
1,32,99220
1,20,25370
1,20,15244
1,39,54344
-1,38,56947
1,22,64021
1,51,56257
1,52,37141
0,44,90299
0,37,34144
1,40,46039
1,26,60405
1,37,58543
1,25,88955
0,31,48236
0,40,80698
0,52,97816
0,38,114181
0,55,47774
1,46,182092
1,42,81581
0,23,181742
1,40,38326
1,41,43118
0,29,27490
0,34,105386
1,37,47575
0,35,110779
0,29,61798
1,50,139264
1,30,80043
0,39,45893
0,26,60076
0,38,34011
2,21,52491
0,40,81737
1,30,29053
1,25,75579
1,28,46410
1,41,43586
1,44,58655
0,56,74792
0,38,40244
1,22,37843
0,30,37489
1,46,73305
0,46,82355
1,40,133994
0,27,47127
1,33,97913
0,27,52385
1,35,76438
0,37,177483
0,24,58082
0,50,76386
0,36,37619
0,29,110076
1,26,22000
0,37,102626
1,58,61459
1,33,41989
1,31,80394
1,48,103604
0,32,109025
0,45,56292
0,44,119222
1,31,68952
0,57,34009
1,21,23459
1,43,44637
1,50,110122
1,22,46498
1,25,46704
0,35,107071
1,44,14138
-1,47,87190
1,33,51849
0,33,58932
0,43,109134
1,33,67102
0,37,170833
1,31,80028
0,34,39710
0,34,43974
0,43,76202
0,52,155416
0,45,91100
1,33,58348
0,46,86374
1,44,22069
0,24,197076
0,49,75037
1,27,91610
0,26,58332
1,35,109590
0,48,57865
0,26,231009
0,55,45409
1,20,8483
0,44,52054
0,59,32068
0,44,162511
1,41,155947
1,28,126585
1,36,53958
1,30,122225
0,37,38618
0,24,50865
0,55,73003
0,27,30648
0,26,54834
2,29,33062
0,31,72874
0,34,50038
1,57,52925
1,47,46843
1,54,54614
1,37,9328
1,46,23056
1,46,245087
2,56,84328
0,25,31170
0,20,24055
1,35,62721
0,36,109457
1,21,74097
0,36,55669
0,57,101101
0,44,46341
1,37,46515
0,23,66790
0,44,16618
0,43,28529
0,25,16151
0,26,65373
0,43,79652
1,47,71995
0,37,12750
0,45,57458
1,48,37378
1,46,73129
0,27,65470
1,30,58636
2,32,59935
0,50,82984
1,22,42745
0,28,57869
1,36,39194
0,24,71264
1,38,27943
0,43,105008
1,37,60059
0,54,44794
0,49,58125
0,23,55198
0,20,104192
1,41,30215
0,46,113379
1,46,76992
0,29,46982
0,19,68371
1,42,69022
1,31,118800
0,39,57390
1,48,138772
0,57,46785
1,52,183743
0,37,27494
1,52,165857
0,32,65298
0,52,62288
1,28,41798
1,38,117810
1,34,62321
1,40,99204
0,45,56951
0,44,67912
1,46,81741
0,52,49331
1,45,36617
1,34,46470
1,33,22654
0,59,30725
0,38,35186
0,47,55109
1,24,51427
0,26,69579
0,59,29130
0,26,95801
1,21,63372
-1,29,84382
2,48,14032
0,45,125565
1,52,60481
0,54,79643
0,33,30393
0,27,74004
0,23,144180
1,24,78415
1,32,60253
0,19,53253
1,43,135685
1,26,40351
1,43,68298
1,38,39167
1,51,111616
2,24,54074
0,44,82724
0,42,87805
0,37,101007
0,18,44083
1,56,73833
0,31,36702
0,41,38045
1,45,33499
0,54,86887
0,30,40408
0,47,62233
0,48,33851
0,55,52229
0,32,65503
0,35,26930
0,47,26057
1,23,84468
0,48,45931
2,41,103120
1,37,60508
0,26,97402
0,28,48248
0,29,24773
1,44,59575
0,24,66261
0,45,68808
1,34,82145
1,32,121438
1,38,99560
0,27,49717
1,43,69235
1,56,133951
0,23,42341
0,24,35911
0,34,126959
1,37,97432
0,47,75648
1,41,36069
1,42,14412
1,21,62153
0,39,71431
0,58,144304
0,36,155792
0,48,145368
1,44,17423
1,27,108668
1,33,90571
1,25,79904
0,40,59155
0,29,118520
0,36,29350
1,37,67586
1,35,196507
0,32,68191
1,39,69927
0,22,24859
0,23,50590
1,50,74354
1,46,108963
1,34,81553
0,56,55657
0,48,199634
0,42,208909
0,33,74037
1,20,76221
2,30,56082
0,44,66978
0,22,44385
0,41,94436
1,48,159022
-1,33,85387
0,25,32473
1,42,43927
1,26,50555
0,34,94861
0,47,115100
0,25,39980
-1,48,50075
0,54,45607
0,46,92358
1,43,106181
2,54,128730
1,45,78609
1,32,58638
1,31,79623
1,44,91043
1,52,124561
0,22,79297
-1,51,41292
0,25,50245
1,22,120016
1,22,119072
0,54,123089
1,31,102853
1,28,53088
0,44,90660
0,37,85020
0,33,87601
1,22,66182
-1,38,81348
1,44,46666
0,41,84284
0,25,73043
1,52,164638
0,19,46084
1,25,119667
1,37,62907
0,45,80144
0,32,69881
0,33,21838
0,25,62530
0,45,93625
0,36,79871
1,34,71341
0,39,49112
1,32,51153
0,23,118410
1,47,35129
0,33,70865
0,41,41043
0,29,38599
1,30,50964
0,23,43584
0,52,58996
-1,41,72778
1,32,74775
0,37,81197
1,52,32361
1,23,60278
1,37,70499
0,53,77391
1,53,48700
1,32,54027
0,33,35070
1,26,51978
0,53,119863
1,43,40223
0,50,51640
0,45,61901
1,42,62472
0,54,107392
0,44,19996
1,27,44536
1,57,89254
0,48,35604
2,37,40543
1,54,94637
0,45,26815
0,39,77300
1,58,64785
1,33,63171
0,52,142416
1,42,24575
1,52,91829
1,37,60655
1,36,51624
0,34,150473
0,55,119633
0,48,143704
0,54,22361
0,57,30709
1,54,66428
1,46,90040
1,43,58313
0,53,27880
1,43,47820
0,22,9067
0,41,54452
0,25,144730
0,44,78579
0,35,68226
0,47,89977
1,48,48812
1,20,51326
0,39,29011
0,48,60885
0,60,94149
1,44,46237
1,38,46082
0,51,117258
0,44,109011
0,27,10489
1,29,78889
1,31,62209
1,58,89863
1,26,115416
0,51,84312
2,49,90116
1,42,101284
1,57,18573
0,53,107205
0,42,119619
0,36,72784
1,43,37221
1,32,79120
1,27,54598
0,40,54930
0,38,55276
0,35,88756
0,58,147734
0,40,17523
1,40,80321
0,28,141183
1,23,17417
1,42,101753
1,49,71505
-1,26,72487
0,36,7746
1,25,113311
1,50,88478
0,45,62116
0,50,90038
1,39,66485
0,36,53261
1,39,54900
0,29,65214
1,41,136708
0,25,68232
0,31,106809
0,23,55175
1,57,132880
1,42,29531
1,51,70236
1,26,24058
0,56,41470
0,33,68512
0,31,54334
0,37,27631
1,27,50505
1,19,142726
1,27,45864
1,31,65192
1,41,17937
0,49,70624
1,49,50968
0,54,35027
0,41,66467
0,28,109221
1,28,81297
-1,45,187199
1,29,28602
0,32,83091
0,40,143866
1,30,35483
0,39,197119
0,43,55903
0,42,42226
1,28,63199
-1,24,63114
0,21,75488
1,56,91545
1,34,5955
1,49,85875
0,39,33824
0,26,204444
1,58,63366
1,28,92164
0,24,133919
0,31,75972
0,58,143027
1,44,54156
0,56,41393
-1,27,192554
2,21,68496
1,57,65862
1,20,14089
1,30,138828
1,26,32366
0,39,61375
0,19,37692
0,36,66642
1,45,27161
0,20,1272
1,20,25853
0,43,106487
1,41,63627
1,45,118348
0,23,98239
0,23,39326
0,35,100893
0,32,68295
0,29,129347
1,49,36556
1,30,125953
0,54,88292
0,28,69805
1,30,66291
0,25,56172
0,54,93364
0,27,52280
1,44,162622
0,50,137010
0,39,35506
1,49,52383
1,47,102997
-1,53,47880
1,42,45087
1,45,122272
0,28,98381
0,52,23651
0,49,77428
1,36,47246
0,30,98369
1,27,119597
1,35,70002
1,27,42479
1,56,80087
0,23,37160
0,27,55033
1,46,63328
1,24,96465
0,54,31966
0,57,66539
2,37,8904
1,47,82553
0,30,56209
0,22,23287
0,46,45777
1,41,94764
0,50,18071
1,22,73067
1,55,96576
1,30,19334
2,44,135810
0,54,100161
0,46,30795
1,44,83653
0,42,75375
1,34,66228
0,58,50835
1,43,44477
1,56,69333
0,42,38652
0,35,64719
1,48,85115
1,46,57648
1,21,47964
1,42,51718
1,32,16611
2,56,82097
1,34,32250
1,38,96488
0,30,46497
1,37,95671
0,34,123066
0,57,71230
0,43,92100
1,24,66763
0,38,90043
0,55,126378
0,21,32554
1,53,115758
1,19,82237
2,36,103283
1,32,135089
1,21,72799
1,43,137900
0,24,50459
0,39,92242
1,26,21121
1,44,149960
0,26,180968
1,49,67562
0,48,95040
0,45,35410
1,32,44929
0,47,52136
1,36,57370
0,22,99075
1,38,64275
0,53,195877
0,43,54129
0,35,58263
1,39,106897
1,35,40559
1,44,72175
0,24,90390
0,33,105993
0,31,90316
1,41,121315
0,42,65788
0,26,90004
0,47,96788
1,44,39106
0,25,72667
0,55,119164
0,58,33939
1,35,113207
1,30,90994
0,47,39772
1,39,79444
0,31,93304
0,36,78628
0,50,60231
0,27,72284
0,46,51240
1,37,97509
1,24,67493
1,25,42270
1,57,66957
1,47,98296
1,40,48074
0,37,45457
1,39,94885
1,44,83181
1,49,25033
1,24,13221
1,45,74297
0,33,94046
0,31,50515
0,46,50526
0,57,89636
1,40,67471
0,28,40273
1,31,23164
0,36,33532
1,38,20990
0,30,86588
1,26,46121
0,24,162460
1,20,89652
1,35,95097
1,39,49576
0,56,80998
0,24,32437
0,22,76186
0,21,32086
1,34,128826
0,19,60690
1,52,37643
-1,38,71237
1,31,34501
1,28,23495
0,50,98898
-1,35,53385
1,31,25075
0,22,95203
1,29,90851
0,47,59311
0,28,32989
1,33,42175
0,33,111171
0,53,122520
0,40,217480
0,33,54200
1,31,11527
0,23,84920
0,26,49384
2,29,72199
0,52,77241
1,52,101304
0,33,137854
1,55,147296
0,26,83552
-1,56,158879
1,43,86176
0,27,36371
1,48,22211
0,36,64865
1,46,28458
0,24,88713
0,30,84157
0,51,68874
1,38,52276
0,46,68310
1,25,67675
0,28,78991
1,27,19435
1,49,116710
0,25,131564
0,41,152410
1,20,44338
1,40,101710
1,19,30380
1,51,74790
1,34,88147
0,29,149138
0,32,103378
1,43,78984
0,53,52211
0,41,122871
1,37,62886
1,18,33716
0,38,133428
0,29,114480
1,35,33178
1,21,104599
1,45,65084
1,36,62336
0,27,48306
0,39,110330
-1,46,91479
0,19,101455
0,47,65277
1,24,80901
1,31,95554
0,38,106963
0,34,102612
0,47,59978
1,49,112684
1,51,54049
1,40,69938
1,31,32468
0,19,40952
1,23,123375
1,40,74741
1,51,75654
1,46,64858
1,46,51016
1,27,62618
0,20,60872
1,57,60513
1,24,125714
1,26,109817
0,30,117978
0,39,44830
0,19,45385
0,23,81863
-1,34,19292
1,29,102132
0,20,24914
1,55,58103
0,53,130823
2,26,97985
1,30,51400
0,32,82147
1,43,118074
0,45,69524
1,39,56031
1,30,121004
1,34,54868
1,31,68443
1,37,63569
0,40,89786
1,27,74514
-1,42,82301
0,44,41074
1,22,61894
0,24,52542
1,34,101319
0,41,63391
1,49,96210
1,37,42823
0,19,130456
-1,28,89899
0,39,98057
0,39,47164
1,29,81310
1,43,40213
0,43,53270
0,28,75749
1,28,96294
1,30,43233
0,41,62839
1,30,130009
1,25,42650
0,49,67846
1,27,23952
1,25,55221
1,53,87294
0,20,50770
1,56,21573
0,47,98410
1,25,39899
1,27,96323
0,37,69712
1,29,39929
1,18,36805
0,37,87383
2,55,63874
1,40,70772
1,38,41023
0,39,66048
0,35,214014
1,31,71766
1,36,86467
0,53,96798
1,31,77840
1,33,143056
0,44,46537
1,41,21581
0,23,11324
1,58,65016
0,39,52995
0,39,102723
0,27,36656
1,49,46586
1,46,28941
1,29,182549
1,32,107865
0,49,98545
0,21,42116
0,36,59344
0,35,60030
0,51,156789
1,59,99538
0,33,44627
1,44,63994
2,45,87730
1,25,62333
1,22,64214
1,20,21617
0,40,70244
1,39,55240
-1,48,99820
0,25,78157
0,43,33179
0,30,46475
1,49,78461
1,28,85872
0,54,122688
-1,34,38555
1,26,51616
2,27,78439
0,24,49778
1,50,81177
1,40,82657
1,46,20424
0,34,152539
0,52,60065
1,42,139665
0,33,99699
1,51,111542
0,54,17069
1,47,103207
1,50,94024
0,43,104222
1,34,102152
0,44,80485
1,25,100447
0,29,132289
2,28,116949
1,39,80061
1,43,62756
1,25,69485
2,33,87660
0,39,48864
1,32,110121
1,34,51965
0,23,42159
0,47,97901
0,36,122647
0,42,61024
1,23,32198
0,30,118107
0,18,26940
2,36,92285
0,27,72655
1,35,129638
0,33,31329
1,41,51364
0,22,36644
0,23,95667
1,35,111367
1,38,59699
0,34,30643
0,37,61807
1,32,76630
1,36,48062
0,48,72149
0,56,70345
0,55,80425
1,44,26133
2,27,50769
0,28,109393
1,19,133009
1,26,98033
0,42,66538
1,32,31503
1,34,93742
1,47,86064
0,37,54450
1,36,92241
1,36,148074
-1,41,155935
0,35,99994
1,23,6507
1,31,86785
0,45,84443
0,60,31141
1,20,63028
1,49,92050
1,22,34441
0,50,82637
1,35,24293
1,19,180501
1,25,70629
-1,34,43062
1,32,45802
1,25,34510
0,55,43078
1,45,89798
0,25,69782
0,33,59485
1,27,59541
1,57,26336
0,47,76353
0,30,37769
0,45,82127
0,57,128402
2,24,113905
0,49,34049
0,46,111756
1,51,146027
1,37,170624
1,31,44400
0,20,65193
0,43,71003
1,50,95001
1,31,90790
2,49,33394
0,31,84775
0,51,75234
0,57,62353
1,47,23370
0,32,119831
0,27,84700
0,53,80413
1,37,74323
1,24,41285
0,51,79540
1,48,62962
1,53,65153
1,40,94720
0,33,134159
0,19,92124
0,40,58431
1,31,50514
1,26,24704
0,46,63073
2,26,42511
0,60,46810
0,42,21481
2,28,11643
0,46,28751
0,47,30869
1,42,72341
0,50,103046
0,37,54873
1,44,78494
0,29,62854
0,22,49444
0,51,45263
0,48,56046
0,37,81132
0,34,50069
2,26,106782
0,39,58855
0,39,129457
0,25,62702
0,56,90151
0,55,216740
1,27,65557
1,23,13521
1,44,53349
1,46,37342
1,41,94304
1,27,65159
1,28,65209
0,38,67298
0,36,76819
0,37,32570
0,47,43670
1,38,63520
0,42,70348
1,56,78696
1,22,63322
0,42,45633
0,41,50969
0,54,57501
0,27,58370
0,47,92587
1,50,96436
0,59,51602
1,46,58882
1,22,54567
1,49,63061
1,30,102430
0,53,51672
0,49,83625
0,48,43260
0,41,105812
0,55,29411
2,23,89249
1,18,92649
1,22,60140
0,35,48531
0,35,124143
1,37,74201
2,21,58463
1,41,17859
2,40,87108
1,35,96645
0,51,117789
0,28,88984
0,43,182277
0,31,53771
0,44,22135
1,57,51861
1,19,63561
0,46,86071
0,43,70428
1,59,55551
0,33,34101
0,19,31517
0,35,45037
0,38,58888
1,36,18034
0,35,145339
0,42,164396
1,24,41554
0,43,105014
1,30,46489
0,20,54282
1,31,77744
1,33,46907
0,51,59104
1,55,95319
1,27,124729
0,49,38812
0,56,69735
1,49,28344
0,51,66773
0,60,87634
1,35,54933
1,29,67575
0,34,85614
1,54,84519
1,40,12786
1,55,67731
1,26,9113
0,55,64195
1,33,31367
1,48,43708
1,40,47874
1,46,101247
0,39,89195
1,49,89810
1,46,24082
0,57,86324
1,55,64107
1,38,55087
1,37,130650
0,59,94553
0,59,227401
1,33,37143
1,41,21526
1,34,47188
1,40,95583
0,20,182070
0,39,54433
1,33,118478
0,25,98216
1,40,33574
0,59,67750
1,38,44245
0,20,78670
0,48,27903
0,34,35886
1,46,77653
1,58,48937
0,29,91048
1,46,68944
0,31,142584
1,49,49532
0,43,98805
0,35,77017
0,42,62267
0,48,110675
0,34,91757
1,28,124103
0,54,65776
0,38,58065
1,28,144043
0,32,39538
0,51,62319
1,46,84509
1,54,73542
0,39,57530
1,36,90954
1,39,35958
0,51,29613
1,54,125801
0,18,68806
1,50,31182
0,37,112006
0,25,78758
1,35,114700
0,33,17818
1,32,72348
0,36,55478
0,32,72932
0,55,42852
1,19,92617
1,58,60070
1,43,46764
1,22,49751
1,35,99281
0,38,43882
1,21,99414
0,41,61080
1,36,86396
0,33,78366
0,50,92824
0,26,64539
0,30,44357
1,39,54410
0,32,76634
1,50,100271
1,22,61594
0,54,81672
0,40,58725
0,38,139206
1,32,100413
1,49,86745
-1,52,91370
0,36,58877
0,39,103626
0,39,50288
1,56,74701
0,30,30589
1,39,41836
1,42,106378
1,31,89198
1,33,75633
0,39,52751
0,32,82265
2,48,55898
0,32,31957
1,39,56141
0,20,65943
1,31,71904
1,37,63679
1,39,10388
0,42,154416
1,34,38385
1,19,28092
0,23,112860
0,34,84738
1,48,76342
1,39,55018
1,22,55265
1,31,23065
0,26,114949
0,43,51081
1,38,64751
0,45,77760
1,34,95049
0,33,33268
1,43,39649
0,42,50082
1,46,129555
1,49,150282
1,46,99985
0,44,37369
0,53,79485
0,45,54435
0,54,55391
0,43,118776
1,51,30811
0,46,84426
1,59,137059
1,29,64697
0,25,61332
1,25,201638
0,45,72742
0,26,112214
2,24,71132
0,50,100779
2,34,80954
0,43,121337
1,32,90171
1,41,11266
1,45,207578
1,24,27238
0,30,75950
0,41,68384
0,42,43198
0,50,104774
0,46,43098
1,43,41201
1,28,67306
0,51,42666
1,23,29252
0,34,37067
1,30,31040
1,27,90317
1,34,101013
1,53,99830
1,33,43640
0,34,51451
0,38,28538
0,30,44771
0,29,71152
1,44,86956
0,33,30957
1,28,68427
0,44,112602
0,36,69111
1,20,155622
0,50,47540
0,56,68521
0,37,66592
1,51,73708
0,46,91787
0,45,84010
0,22,54407
1,43,60644
1,26,114977
0,37,109234
1,23,15853
1,20,47716
0,23,81206
0,38,186191
0,34,46459
1,41,58953
0,35,53664
1,39,41742
0,41,57839
1,50,64605
0,46,118264
1,23,71579
1,36,125011
0,39,77261
0,31,83697
1,23,46374
1,52,36173
0,39,85680
0,19,48248
0,32,103145
0,38,85227
1,29,62545
0,30,98775
0,58,18817
1,31,96521
0,27,93829
1,46,30468
0,21,36932
1,55,66128
0,31,65197
0,47,68617
1,25,59983
1,40,35302
1,21,78190
0,55,166522
0,24,16185
0,30,59132
1,54,68063
0,27,127848
0,27,97521
0,44,113880
1,36,110993
0,49,37789
0,22,54208
2,48,77557
0,44,102663
0,25,134731
1,37,119633
1,21,40785
1,47,124989
1,18,69140
0,44,100046
1,42,93250
1,43,88559
0,51,110491
0,38,62534
0,57,35376
0,32,55185
1,28,26946
0,26,114935
1,27,176580
0,19,89052
1,41,29385
1,29,67977
0,34,118888
0,30,69938
-1,20,40203
0,29,61530
1,31,139268
0,27,75294
0,33,65212
1,28,66389
0,50,143144
1,33,118414
1,26,87881
0,44,70890
0,45,31460
1,36,55108
1,56,44438
0,51,84716
1,34,82622
2,22,28545
1,29,37890
0,38,39598
0,29,31828
2,45,25485
1,39,49079
0,41,92360
1,45,139879
0,32,62898
1,23,78374
1,24,92203
0,20,38280
1,28,99503
0,46,45341
0,23,96082
1,34,62295
1,44,96032
0,30,77237
0,36,37634
0,50,106063
0,49,53750
0,47,150631
0,50,82231
0,52,90186
0,44,47105
0,59,83534
0,35,37969
1,26,54320
1,30,95026
1,35,126246
0,51,64874
1,48,63718
0,32,79548
1,51,29272
0,38,46883
0,54,92149
1,37,129072
0,52,20193
0,19,40991
0,33,25856
0,23,68721
1,46,133673
1,55,86211
0,28,21442
0,34,104710
0,20,124158
0,33,77355
1,51,140640
0,48,42252
0,52,29860
0,24,52985
1,49,8282
0,40,48837
0,37,95525
0,33,69735
0,30,108258
1,33,88713
1,57,114520
0,40,73116
1,42,40651
0,23,124702
0,19,55568
1,37,20229
0,31,64741
0,51,63749
1,45,106211
1,33,99653
0,54,43414
0,37,142266
1,51,154274
0,34,59520
0,44,168696
0,27,54868
1,52,28139
0,38,44240
0,53,95815
1,31,98960
0,22,47404
0,27,53795
0,48,70269
1,35,57665
0,42,59334
2,38,47013
1,30,31544
1,40,50903
1,37,80771
1,48,27446
1,45,53518
0,20,22216
0,51,44772
0,51,77814
0,54,53900
0,59,60669
2,29,51895
0,25,70728
0,57,55551
1,32,34146
1,54,32457
0,30,34905
1,35,97584
0,40,29545
0,31,83039
0,51,102765
1,39,52288
0,34,61295
1,38,61087
0,52,142962
0,39,99173
0,34,113692
0,43,39852
0,38,20434
0,39,165809
0,51,43464
0,24,27531
-1,50,119837
1,56,75719
1,21,47186
1,37,120490
0,30,54486
1,19,18176
1,21,83115
0,20,83757
0,49,118438
1,26,71534
0,51,62898
1,58,74149
-1,26,68273
0,59,67108
1,31,76319
0,31,67680
0,32,31002
1,23,94019
0,58,48943
0,39,24541
-1,45,82870
0,54,57020
0,32,39489
0,51,74894
0,35,92039
1,41,3819
0,47,98536
0,40,53336
1,32,72628
0,41,87500
0,30,16322
0,56,199753
0,46,63729
0,47,198421
1,47,30075
0,45,61282
0,36,97986
0,39,47571
0,49,157126
1,29,115609
1,39,58016
1,51,52464
1,25,140267
1,41,58180
0,25,20392
1,31,51856
0,52,89901
0,23,41527
0,58,162900
0,27,88800
1,25,55189
0,34,38097
0,42,49058
1,20,98203
1,45,73678
0,33,77499
1,20,43064
0,52,58966
1,31,85743
1,35,27606
-1,58,48741
0,44,15766
0,54,50873
1,36,59873
1,25,149992
1,49,64614
0,44,64376
1,52,51166
0,39,43666
1,50,74587
1,46,35513
0,50,50808
0,44,56145
1,50,57554
1,29,67401
1,44,47696
1,30,71631
0,43,115997
0,45,57451
0,43,72062
1,19,17402
0,33,81747
0,41,14649
1,42,25831
1,54,61446
0,41,211122
0,41,72073
0,20,50195
0,19,68135
-1,30,64354
0,47,73782
1,51,74495
1,50,50096
1,30,93535
0,51,66832
0,55,94468
0,59,110669
0,37,94189
1,40,92142
0,25,129482
0,39,83878
0,32,75999
1,37,79316
1,56,106444
1,30,157330
0,27,80367
1,54,80674
1,53,55717
0,45,70588
0,31,95130
0,50,65714
0,47,96987
0,41,49512
1,53,72292
-1,47,143800
0,33,136783
0,32,85833
0,28,69123
0,35,74658
-1,32,93175
0,37,74210
0,28,54523
1,47,127265
1,58,59246
1,25,24827
1,36,52579
0,48,81076
2,40,92865
2,27,27278
1,54,64191
1,24,41650
1,36,39999
0,34,101492
0,51,107276
1,28,95957
1,46,13500
0,41,32065
1,34,49131
1,25,140045
0,35,51196
0,39,60436
0,44,56212
1,39,61216
1,57,111600
1,28,40763
1,34,97525
0,42,74893
1,50,86815
0,28,69407
1,46,171308
2,42,21704
1,43,117602
0,35,85336
-1,19,42563
0,42,101255
0,45,105230
-1,49,96795
1,44,63033
1,46,73908
0,58,141418
0,20,126468
1,48,96726
0,32,110528
-1,31,125056
0,38,130181
1,38,86023
1,29,59203
0,54,31129
0,46,104852
0,51,71111
0,55,46123
0,42,112773
0,25,82264
1,43,113355
0,43,128315
0,31,71430
1,19,70756
0,33,97472
0,51,65508
0,30,80973
0,41,44098
0,39,108340
1,45,31945
2,26,49302
0,44,79695
0,39,21791
1,30,102064
1,36,78925
0,24,52579
0,26,107576
-1,42,72511
1,55,53550
1,39,87282
0,34,42461
0,36,138908
0,23,167338
0,31,112491
0,43,50772
1,28,87623
0,54,44805
1,59,62123
0,32,56973
0,37,83337
1,44,30343
0,35,71765
0,26,129202
1,27,41106
1,51,22315
1,26,56020
1,29,25281
0,54,49711
1,25,96711
0,42,106556
1,23,78480
0,37,138918
1,41,26420
1,25,82090
0,47,86366
0,31,66060
1,26,24313
0,25,31499
1,26,106772
0,32,34212
1,35,42949
1,34,88547
1,30,28865
1,20,56052
1,39,37650
1,20,26698
0,51,75621
0,30,52887
0,46,88917
0,41,132055
0,50,54675
0,37,76166
0,24,104733
0,21,29630
-1,57,70019
0,34,108164
0,35,66958
1,44,27635
0,56,183267
0,58,170557
1,53,37463
0,52,142540
2,27,41048
0,42,129451
1,32,47529
2,58,36407
0,30,24820
0,21,55412
0,38,44965
0,29,86640
-1,35,58288
0,27,92478
1,39,92805
1,38,99095
0,36,49744
0,40,24332
1,22,20604
1,48,64792
0,60,107109
0,26,55426
1,22,85917
1,35,136142
1,58,68870
1,23,2773
0,30,52240
0,24,47889
1,38,54386
0,27,99979
1,23,34102
0,55,54956
0,39,82259
1,36,49202
1,46,69051
1,41,66426
1,48,43096
0,60,37161
0,27,82670
-1,39,55516
1,45,70766
-1,59,93482
0,39,86863
0,45,62150
0,50,126363
1,50,118174
0,56,76257
0,19,42408
1,38,43635
0,22,167086
1,24,87551
0,39,72052
0,54,61404
1,30,24827
0,52,16783
0,28,102061
0,43,79032
1,23,66866
0,20,92643
1,51,76137
1,23,45954
0,30,45752
1,39,39660
0,41,79418
0,20,162484
1,46,22122
1,30,99892
0,31,61104
1,30,32408
2,30,51562
0,26,87083
0,30,93467
1,40,141830
1,54,82669
0,21,80978
1,25,28490
1,43,109301
0,40,11426
1,40,94708
0,29,91008
0,48,205314
0,22,72063
0,28,38280
0,26,54318
1,18,45253
1,60,6307
0,57,104918
0,39,144716
1,40,64970
0,47,75363
1,23,53120
-1,29,28065
1,34,62276
0,56,92877
1,22,24482
1,34,25954
1,45,73032
0,35,35908
1,40,21287
0,44,127654
0,55,19170
0,23,17020
2,42,86171
0,30,116935
1,20,34954
0,26,75015
1,52,28899
1,46,39972
1,31,56020
1,31,85110
1,49,105940
1,36,82568
1,47,126398
0,32,70527
0,34,78281
0,29,67939
0,24,51215
1,58,17233
0,41,92676
1,34,84885
1,40,81962
0,44,71653
0,58,129242
1,23,115377
0,36,103666
1,21,34219
1,41,85169
0,48,15821
1,52,60131
1,18,51447
0,29,121325
1,53,109883
0,22,34416
1,19,75903
0,30,68395
0,29,154623
0,50,53179
1,35,90207
1,45,83429
0,34,146909
0,20,51759
1,48,37597
1,28,34055
0,43,71358
0,49,48926
0,27,19140
0,43,49875
1,56,77535
0,22,53846
1,60,142200
1,42,105271
1,21,70072
0,35,42453
1,24,73791
0,21,35604
0,47,50472
1,33,60127
1,44,134325
0,52,157843
0,37,86118
0,40,76010
0,52,129777
0,37,66658
1,50,7883
0,50,34372
1,58,71300
0,58,251111
0,54,119117
0,36,38629
1,27,143942
1,40,83635
0,39,56700
0,54,122187
1,39,156701
0,21,28767
0,38,108009
1,27,101095
0,51,58697
2,20,54095
1,37,82288
0,60,57135
0,50,31684
1,29,63407
1,51,98809
1,46,146632
0,43,39515
0,42,42707
0,33,47076
0,30,44982
1,60,54257
1,43,104056
1,22,56035
0,36,19157
2,30,54729
0,39,82733
0,51,38829
1,41,50484
0,38,94300
0,33,39424
-1,59,128621
1,41,20789
1,26,149612
0,24,40517
0,42,61148
1,49,65108
0,47,86487
0,51,76101
1,33,70045
1,32,11208
0,31,18925
0,29,34495
0,48,71244
0,38,89559
0,36,40924
0,33,55553
1,35,54647
1,39,41423
1,23,76959
0,34,64795
0,42,46990
0,37,98799
0,35,104358
0,34,110419
1,40,46241
0,46,34934
1,44,60111
1,21,64504
1,42,75231
1,27,90684
0,51,57966
0,26,23071
0,50,93224
1,27,21769
1,52,64623
0,43,71774
0,37,43759
0,50,73820
0,34,98581
1,57,57987
1,41,56763
0,38,77224
1,19,110936
0,18,64781
0,44,146577
0,34,79557
1,27,41264
2,35,25899
0,38,86810
1,59,44842
1,34,123129
0,35,18562
1,24,58391
1,23,43448
1,23,89104
0,49,94443
1,37,31981
0,27,78213
0,51,116204
0,26,176270
0,27,50787
0,33,184737
0,38,108888
0,51,47752
0,57,71354
0,45,60379
1,37,183168
1,30,71245
0,53,36610
0,38,29176
1,29,72200
1,30,101371
2,20,11748
0,48,24110
0,25,12595
1,56,22702
0,59,166830
0,33,107399
0,37,82820
1,39,82669
0,32,40846
1,31,72724
0,23,40469
1,42,52933
1,36,137644
1,50,89980
1,35,52129
1,28,35245
1,50,25238
1,23,55960
0,37,85757
1,26,60765
0,26,90006
1,26,40792
1,31,48196
0,24,45296
1,31,40850
1,23,87669
0,34,29830
1,26,49973
1,31,38574
1,34,39537
0,24,39060
1,19,28781
0,60,65287
1,26,54130
1,29,99447
0,45,67413
0,44,85690
1,40,101019
1,25,94369
1,35,150946
0,30,43494
1,29,47067
1,47,61624
1,45,53542
1,29,75795
1,46,78479
0,57,104674
1,37,95626
0,26,42379
1,20,73407
1,19,22006
0,23,60714
0,37,60256
0,49,109745
0,46,36098
0,38,142631
1,30,77861
0,29,109746
1,40,72442
0,47,66776
0,26,103510
0,39,138327
1,55,71165
1,35,76697
0,39,91116
0,22,83588
1,32,71193
1,42,82568
1,42,77669
0,56,126484
0,27,27698
1,42,100266
0,45,112379
0,32,44065
0,54,146355
1,43,80890
1,32,22210
0,39,46279
1,56,147348
1,27,39763
-1,37,87451
1,45,97361
1,33,140854
1,25,79939
0,59,76977
0,48,107161
1,31,96101
0,29,75303
0,53,20004
0,59,108132
1,33,117492
2,46,72705
0,39,98918
1,34,19277
1,31,94219
1,42,144222
0,42,37670
1,36,28635
1,31,55820
0,57,39888
0,33,71386
0,58,32823
1,44,93139
1,53,56294
0,54,72719
0,26,98877
0,32,51724
0,55,68824
1,39,99710
0,28,27198
0,51,37935
0,56,64095
0,40,49086
0,39,31406
1,49,117046
0,32,58931
0,41,123464
1,45,89324
0,46,37696
0,45,6985
0,41,129168
1,41,95317
0,33,39790
0,59,77609
0,25,87307
0,25,95104
0,44,95606
1,22,41901
1,29,58920
1,41,20680
0,31,24211
1,44,99761
1,45,40315
1,29,54335
0,37,25591
1,32,104427
0,34,48060
1,37,85546
0,24,56148
0,34,149935
1,29,50237
0,46,96476
0,36,147569
1,29,99266
0,43,35704
0,41,77810
1,34,55980
0,46,125254
0,29,3529
0,27,39866
1,54,45621
0,50,49898
0,40,74763
0,25,161098
1,39,57522
0,50,67761
1,29,48790
1,42,70779
1,52,83618
0,34,88145
0,58,66654
2,47,121952
0,33,62525
1,20,43489
1,54,56453
0,32,75064
0,37,48364
0,27,84204
0,32,139383
1,25,99332
0,43,54289
0,19,51044
-1,40,55241
0,53,72235
0,21,86616
1,39,54786
0,54,113719
-1,32,110630
1,56,171296
1,44,81998
0,39,74886
1,50,99913
0,57,122841
1,56,29420
0,48,87937
1,35,45672
1,46,82507
0,40,64500
0,44,77242
0,29,50690
1,47,50473
0,27,80183
1,39,76361
1,28,45700
0,46,91938
0,60,55484
1,56,42962
0,42,82330
0,25,108711
0,55,48025
1,20,67992
0,32,17588
-1,47,65217
0,47,9639
1,37,89267
1,43,76481
0,54,103153
0,40,50782
1,44,147774
1,29,42353
1,20,81399
0,40,37660
0,60,87514
-1,28,87905
0,27,67668
1,39,52742
0,32,21050
0,55,87752
0,58,37454
0,53,115778
1,37,39588
1,25,110452
0,38,65751
0,26,77011
1,26,31239
0,24,66640
2,38,45180
0,35,61331
1,20,30051
0,30,78384
1,52,68959
0,22,122427
0,42,107320
1,33,93751
1,39,51471
1,45,25568
0,27,64241
0,43,55297
1,27,100464
1,39,57454
1,20,11665
2,36,59717
0,23,38560
1,43,122690
0,36,57316
0,19,73804
0,41,74931
0,60,207139
0,32,126054
0,48,80182
0,46,76924
1,34,46239
0,24,124027
1,19,62403
1,20,73955
0,47,101565
0,36,36897
1,39,123478
1,27,73522
0,50,111503
0,23,79353
1,45,24701
1,56,47083
0,39,76152
1,29,48792
1,32,57639
0,48,60739
0,46,27589
1,28,95402
1,38,227250
1,34,28323
0,23,41777
0,40,53826
1,27,129693
0,30,62007
0,57,81963
0,30,57370
1,55,32256
2,29,49041
0,23,31853
0,42,63651
1,39,72389
0,45,45399
1,39,134190
1,23,54469
0,41,56213
1,54,112600
1,36,80990
-1,29,28409
1,41,135032
1,19,67057
0,49,73336
0,42,32103
1,45,179326
2,35,36880
1,57,72570
1,20,145336
2,21,50580
-1,39,47844
0,37,75992
0,49,33891
0,25,78709
0,37,116217
1,33,24056
0,46,20042
1,59,40991
0,22,43715
0,43,83314
-1,36,48562
0,30,13439
1,40,69312
1,52,111685
0,60,77256
1,30,69889
0,23,73730
1,32,80819
0,36,90645
0,47,71154
0,48,8887
0,59,95869
0,27,19512
0,23,35660
1,26,55769
1,19,59599
0,37,31688
0,35,54452
0,39,44842
1,28,43997
0,38,35700
0,49,20610
2,34,81925
1,27,71199
1,38,84465
1,37,17610
1,30,57724
1,43,69218
1,22,87499
0,44,55559
0,45,99398
1,36,78454
1,44,108429
1,45,21570
1,39,145759
0,57,107677
1,40,64694
1,31,23052
0,22,41723
1,30,55402
0,35,21827
0,35,85068
0,31,114875
1,56,87467
0,32,52124
0,34,73491
0,43,10876
0,44,147729
1,56,46710
1,49,58215
1,50,94845
0,40,56583
0,28,150696
1,42,19021
1,45,28784
0,29,80087
0,34,146391
1,28,87566
0,35,12930
1,35,18706
1,33,34747
1,35,67949
0,56,39421
0,48,177787
1,27,69469
0,53,57626
1,27,62993
1,33,71814
0,38,155758
1,44,100116
0,38,89782
1,46,71606
1,30,131768
1,39,95141
0,41,51509
0,56,86617
1,20,35151
1,37,171876
1,42,89756
0,34,39442
0,35,34243
0,24,36504
-1,49,82048
1,45,16182
1,18,25351
0,53,244255
1,35,30196
1,28,81723
0,19,54704
1,27,72665
1,30,40234
0,41,13204
1,35,42098
0,46,58514
0,31,68238
0,49,74438
0,33,167350
1,34,101815
-1,22,66494
0,55,81560
0,42,212017
0,45,98652
1,33,161350
0,35,109714
1,33,82911
1,35,54474
0,32,36591
1,44,44613
-1,24,59839
0,38,11202
1,37,50811
1,19,58090
1,52,38741
1,36,68820
0,46,69630
1,21,77892
0,46,71985
0,51,49581
0,36,71679
0,43,67796
0,48,165197
0,21,10131
1,48,85950
0,32,45616
0,56,84568
1,34,115138
0,41,54449
0,56,192568
1,41,44227
0,48,96351
1,31,39521
1,23,40601
1,34,17109
0,60,67078
0,47,16699
1,35,75002
0,25,63987
0,46,74341
1,28,71208
1,42,42542
0,30,33047
0,44,73559
0,51,84919
0,30,56026
1,48,59306
1,32,63117
0,49,91169
1,33,37991
0,19,75226
0,31,41485
0,23,48062
1,42,109894
1,39,71281
0,33,122320
0,32,54185
0,57,40054
1,28,54699
1,45,24779
1,26,63806
1,32,78231
0,37,87532
1,38,66867
0,53,49465
0,49,73106
1,21,88487
0,54,197245
1,37,178197
1,55,47383
0,24,135853
1,24,52628
0,53,66382
1,36,46193
1,37,92315
0,44,85382
1,31,53259
1,45,81550
1,34,133100
0,38,73456
0,52,93906
0,31,49474
1,57,77996
1,35,170283
0,46,47472
0,55,96640
0,28,54975
1,50,81495
0,36,59100
0,48,54643
0,30,87318
1,45,80080
0,23,64134
0,38,130021
0,45,77220
1,22,172267
1,41,72019
0,44,45812
1,51,46565
1,22,116619
1,43,121381
0,46,43426
0,38,172118
0,30,137355
0,31,205513
0,42,36933
1,54,42288
0,22,94775
-1,44,42774
0,55,40393
1,39,59401
0,53,142678
1,31,138076
0,33,29074
0,39,107650
0,41,63222
0,24,42459
0,44,77257
1,26,70350
0,20,20234
1,29,117557
1,27,96701
0,57,57600
0,49,37075
0,23,131196
0,51,39959
0,21,59941
1,18,97012
0,28,111477
1,42,38358
1,41,64070
0,31,36439
1,34,75873
1,45,45926
1,46,103338
1,38,163504
0,34,72481
1,60,106242
1,52,51286
1,36,136211
0,39,73856
1,25,44555
-1,43,86008
0,46,124752
0,44,143022
1,23,81654
0,20,90096
0,34,48309
0,41,65269
1,32,30933
1,53,58279
0,47,72398
0,54,47754
1,28,65970
1,27,87164
1,34,33988
0,55,75473
1,45,121269
1,23,54677
0,40,45338
0,35,92859
1,31,233779
1,53,87223
0,28,120834
2,26,102498
2,49,104804
1,52,77231
1,50,74025
0,58,90865
1,33,56474
0,53,53983
1,52,104066
0,30,34604
1,25,22854
1,49,76068
-1,47,72557
0,53,40720
0,35,109513
1,28,107945
0,26,182234
0,47,74684
0,60,84765
-1,59,81728
1,26,78501
0,42,80318
0,50,77911
1,25,43120
1,56,110368
0,35,83974
2,45,58757
0,25,95854
0,39,40180
1,42,50092
1,40,128206
1,43,99462
0,37,40642
0,18,83629
1,38,66797
1,39,28534
0,56,189824
0,26,26121
0,36,113050
0,45,45598
0,25,62492
1,38,91850
1,23,69272
1,41,54856
0,56,102490
0,42,213682
0,36,84796
1,47,22701
2,53,106599
1,38,33723
0,23,104045
0,58,122865
1,39,34187
1,51,60053
0,34,37311
0,35,36588
1,29,94965
0,19,56481
1,18,32867
1,26,109426
0,33,161395
1,31,98867
0,35,131663
0,26,23005
0,57,74322
0,34,83010
0,27,42162
1,58,28099
1,51,57089
1,31,123061
1,33,57445
0,40,19420
0,21,32788
1,51,52595
1,21,72839
0,26,189313
1,27,61192
-1,29,45955
0,44,167021
1,23,31783
0,21,69217
0,44,116252
0,38,121628
2,34,39238
0,28,85576
2,45,63294
0,36,43670
0,56,92006
0,48,39707
1,40,71716
2,38,30661
0,53,96766
1,26,66955
0,34,69876
0,23,40972
0,40,47435
0,39,72950
1,34,20110
0,32,39283
0,38,57099
1,41,19204
1,24,72632
0,39,149018
0,59,134055
1,39,58091
1,53,148987
0,46,111450
1,29,76581
0,35,54291
1,18,70404
0,52,70632
1,26,108713
1,30,21760
1,27,56511
0,50,97066
1,28,38474
1,31,24157
1,41,59258
1,50,64984
0,40,33632
1,58,44916
0,37,51314
0,25,40157
1,22,33387
0,51,79390
1,43,164631
0,51,38570
0,51,49858
2,43,68535
0,54,164376
-1,26,47408
1,29,69401
0,46,96537
1,23,43821
0,52,76496
0,28,101430
0,40,42690
0,48,68209
1,38,53623
1,27,27646
1,41,59321
0,51,109110
0,21,85431
1,29,95934
1,31,75564
0,28,12979
1,42,106265
1,47,87022
1,28,79930
-1,35,13596
1,37,113393
2,38,139723
1,42,24866
0,50,58473
-1,34,42137
0,19,72756
0,55,37897
0,40,78452
0,48,80561
1,25,142146
1,28,88052
1,35,125149
0,45,83341
1,27,132735
1,28,33068
0,49,34175
0,46,84324
0,48,149038
1,48,121146
0,37,93354
1,46,102856
1,59,41868
1,35,165904
0,28,169284
0,51,27271
1,40,29979
1,21,137149
0,53,101517
1,46,119699
0,33,72200
-1,49,108967
1,44,50207
0,48,49060
0,40,83132
1,40,98049
1,34,62236
0,47,102186
1,36,51071
1,22,29939
0,39,43321
1,22,41687
1,33,83371
0,29,31920
1,26,161372
0,39,67327
0,49,74513
1,31,67190
1,38,168457
0,33,57893
0,57,4227
0,37,88120
0,36,67792
1,29,82359
0,35,165424
1,38,85216
1,44,82784
1,44,63308
0,48,57822
0,24,86969
0,43,48091
1,42,56123
0,45,20577
0,50,50032
2,24,77455
1,35,130747
1,35,95498
0,44,48866
1,43,29825
1,37,52046
0,54,10892
1,39,68343
0,41,21958
0,23,109592
0,37,70227
1,35,101478
0,58,60377
1,33,23429
0,33,43730
1,52,68255
0,31,154634
0,30,136275
1,24,64160
0,46,67035
0,52,56225
0,28,40178
1,19,40511
0,51,44021
1,51,67413
1,54,172865
0,49,29461
0,38,94297
0,25,129565
0,47,28912
1,41,29376
0,42,57103
1,37,75201
0,35,80689
0,50,71411
1,36,50529
0,39,109733
1,29,150216
1,37,63667
1,21,29124
0,31,49915
0,48,37847
0,45,56438
0,37,130347
0,24,41534
1,22,23299
1,27,35905
1,28,52749
0,25,85805
0,24,104139
0,34,71278
0,48,89356
0,28,70914
1,30,42359
1,59,95578
1,35,104424
0,34,71545
0,39,131561
0,44,71639
1,33,38204
1,38,80982
0,52,110083
0,43,116558
1,37,49775
0,24,63904
1,28,34311
1,24,90804
0,34,23234
1,47,77692
0,24,49046
0,31,92810
1,22,117886
1,31,20615
1,58,129076
1,26,164885
0,46,66493
0,33,106793
-1,50,47728
0,51,62839
1,44,47004
2,32,91730
0,52,91990
0,58,54402
0,36,109283
1,48,74346
0,34,92511
0,40,57783
0,51,28668
0,24,109584
0,34,88773
0,59,88661
1,37,94216
1,20,69830
0,30,8370
0,43,108985
0,38,28774
0,35,102760
0,56,77667
0,42,66173
0,33,64616
0,40,84470
0,25,58040
0,31,43151
0,48,44845
0,41,49514
0,32,85577
1,27,107574
-1,55,38845
0,32,65707
1,39,176168
1,31,29955
0,44,49971
0,51,58398
0,47,51843
1,24,84351
0,35,41026
0,24,74905
0,43,47122
1,56,102521
1,32,87937
1,41,14655
1,35,71337
1,60,89897
1,29,36413
0,33,108337
0,42,60360
1,23,52019
1,41,80711
1,53,135084
0,39,75354
0,28,63399
1,55,65102
0,37,40566
1,29,90692
1,33,41904
1,34,24045
0,28,40770
1,49,44315
2,41,147575
0,25,33447
1,33,56097
1,33,48874
1,21,24830
1,57,21646
0,47,87311
1,39,56176
1,22,50050
0,39,59800
0,31,51971
0,42,65686
0,49,94865
1,45,97175
1,21,7236
0,29,79730
0,42,71046
1,45,51235
1,47,113322
1,52,101786
0,51,125074
0,52,56038
1,33,27130
1,33,120663
0,41,102993
0,38,39092
1,26,59593
1,29,71084
0,32,25525
0,25,95091
0,37,92095
1,37,66970
0,39,45119
0,24,78114
1,30,37489
0,39,83172
0,48,21607
1,44,14491
0,35,68345
1,32,56552
1,43,55024
3,26,27248
1,30,112381
2,28,49452
1,20,63085
1,28,65558
0,41,50250
1,42,62827
0,44,39605
2,21,94576
0,43,76185
1,23,90476
1,35,57899
0,51,60784
1,42,144055
0,50,71648
0,28,42974
1,33,88595
1,24,84415
0,47,38062
1,35,115003
1,41,147597
1,49,54478
1,51,78689
0,52,71505
1,37,69007
1,41,86867
0,53,63887
0,54,65396
1,29,98748
0,44,28416
0,42,36692
1,41,64553
0,18,59678
1,58,102728
1,53,53815
1,32,34768
0,29,73623
0,27,39808
1,35,9472
0,46,109772
1,34,55241
1,25,113070
1,46,110889
0,28,72253
1,36,46059
1,46,41540
0,39,64856
0,48,152058
0,42,57264
1,57,116626
1,19,68547
-1,32,73071
1,23,57252
1,25,62141
1,30,79352
0,19,20207
0,20,61453
0,35,72609
0,34,32819
0,28,52350
0,25,86318
2,32,62867
0,19,42272
1,45,46488
0,58,90082
0,46,46405
1,31,99451
0,40,55311
0,31,149003
0,34,139361
1,51,130421
0,35,27064
0,47,59851
1,26,81170
0,39,59319
0,56,72231
1,45,86632
0,40,126039
1,41,78273
2,35,24192
1,20,82906
1,53,120187
1,20,25225
0,26,79180
1,34,112037
1,38,21395
0,37,41827
0,41,76817
0,35,66213
1,49,127313
0,48,105642
0,34,116757
0,56,29863
1,19,26945
1,22,106104
0,44,16418
0,50,102720
1,37,95503
0,37,56855
1,31,103411
0,34,97262
0,37,111212
1,32,64189
1,34,50412
1,49,123046
1,53,18032
0,34,19980
0,23,28088
1,38,58628
1,21,54388
1,36,62825
0,43,33218
1,36,43249
1,41,64470
0,39,71823
1,46,85364
1,25,85816
0,36,82674
1,41,136007
0,41,39145
1,34,70580
0,59,72778
1,18,121344
1,27,55970
1,25,86267
1,54,98574
0,45,49558
1,46,80940
-1,37,41899
1,36,52909
1,53,79762
0,45,127069
1,28,83224
0,52,162463
0,21,35706
2,31,41150
0,46,46719
0,20,87784
0,41,24102
1,34,63957
2,35,94909
1,38,126441
0,25,47814
1,37,73703
0,18,118500
1,50,125475
1,49,77516
0,47,28670
1,29,89391
1,27,59989
1,33,59879
1,21,125862
0,43,44190
-1,27,57411
0,43,79190
0,36,68480
1,32,35012
1,28,50876
1,30,51508
0,32,33800
0,41,85899
1,32,28862
1,31,31795
0,32,61374
1,59,70220
0,22,7389
0,48,48756
0,46,47870
1,57,118974
0,29,37982
1,49,133461
1,27,40328
1,37,74478
0,32,45395
0,53,57173
0,55,68873
-1,25,66308
0,28,68635
0,34,63557
1,28,72113
0,21,45360
0,22,21827
0,50,124532
1,49,36068
0,39,31735
1,36,102631
0,29,41957
0,26,17681
1,40,140394
1,44,48341
1,48,3952
0,21,80139
0,33,88778
0,50,85135
1,51,28723
0,26,45439
1,43,43441
1,29,46768
1,24,60266
1,42,124797
2,42,45530
0,52,115087
1,23,78926
0,31,111919
1,21,94347
1,42,95576
1,37,121620
0,46,51463
1,26,101865
1,36,114442
0,45,101239
0,42,98860
0,57,19304
0,56,32297
0,42,67992
1,43,40806
1,23,74725
0,27,97469
0,32,25032
0,26,50107
1,43,103649
0,38,36542
1,30,55613
1,43,51630
1,30,35845
0,44,97185
1,49,63502
0,37,28724
0,49,116127
1,46,31565
1,23,62482
1,30,31020
1,49,98485
0,35,82027
0,27,102482
0,23,17968
1,36,55641
0,28,104789
0,29,23750
0,46,108728
1,26,56030
1,47,24194
0,45,36779
1,46,36493
1,42,95891
0,32,118134
1,32,111165
1,52,158999
0,30,22937
1,45,55478
1,29,92988
0,57,96883
0,18,78722
0,53,71493
1,47,77962
1,31,74210
0,56,104193
0,34,165822
1,49,106882
1,55,75417
0,30,92345
1,39,72158
1,45,32541
1,42,49808
1,36,76263
2,50,25557
0,50,71741
0,31,41680
0,46,49896
0,29,51569
0,40,1634
0,33,30728
0,57,64659
0,53,127663
1,52,140817
0,30,94533
0,34,86342
0,40,150013
1,26,43145
1,35,125904
0,47,91912
1,19,62510
1,52,83459
0,37,53072
0,18,151843
1,52,70231
0,38,60205
1,23,76329
0,34,75563
1,37,46853
1,37,40366
0,41,53083
0,41,99523
0,59,109132
1,39,48360
-1,39,89105
0,54,45122
1,30,65454
1,29,54808
1,35,219329
0,19,177113
0,48,130828
0,35,111828
1,48,104339
1,31,73779
0,21,53722
0,44,223921
0,30,108380
0,24,118273
1,32,63512
1,18,65309
1,58,134326
0,45,146679
1,32,32378
0,31,74822
0,44,57840
0,38,80146
0,29,47074
0,41,49817
1,57,90858
1,44,33843
0,26,76750
1,23,80287
0,55,89764
1,26,44473
1,50,72253
1,22,151064
1,37,32387
1,34,115925
1,39,110137
1,33,106231
1,56,258275
1,22,116819
0,58,121928
0,44,46503
1,23,13848
1,21,132943
1,33,91431
1,36,26116
1,57,28865
0,41,81302
1,46,47342
1,22,61424
1,37,29104
0,32,36158
1,19,38481
1,47,222907
0,56,111777
0,47,75447
1,41,34991
0,35,91481
1,47,67532
0,20,21421
1,42,124764
1,20,23598
0,43,45624
0,49,166393
1,30,107598
1,37,26294
0,37,55585
1,28,34379
1,34,61368
0,26,89390
0,24,48379
-1,42,167229
1,46,76197
0,47,93540
1,32,47197
0,35,89736
1,33,103915
1,56,61770
-1,47,68124
1,43,93669
0,38,122622
0,50,48655
1,40,115575
0,33,44005
0,39,110442
0,41,30250
0,51,52747
0,47,108280
1,31,63075
0,50,47100
0,32,163577
1,32,38223
1,45,5584
2,34,93304
0,28,59452
0,43,105445
1,37,82652
0,26,79863
1,56,98450
-1,26,67263
0,39,78926
1,18,45378
1,19,93331
0,56,26827
0,37,34372
1,58,96818
1,31,51707
1,35,23018
0,41,45300
1,54,130818
1,26,60487
0,48,25547
1,41,55977
0,29,91642
1,45,16895
1,58,25330
-1,39,47171
0,57,47974
1,50,91574
0,52,136500
0,54,52497
0,41,90740
0,57,62924
0,29,161085
1,30,94062
0,41,46451
0,48,44724
1,42,77523
1,43,121729
1,49,76872
-1,40,105189
1,30,36184
2,35,120002
0,23,15604
0,20,149431
0,23,41526
1,33,63415
1,58,68366
1,45,58627
0,23,20492
0,53,147890
0,44,22762
1,43,86011
0,50,43320
0,41,46933
0,44,40961
1,39,71635
0,36,137792
1,35,66028
1,56,112335
0,48,149630
1,27,49581
0,43,37026
0,21,74715
0,43,44747
1,55,99453
0,30,84128
1,57,122171
0,59,75597
0,52,20115
1,43,53069
0,45,38871
1,58,69328
0,46,49704
1,37,122216
0,24,47830
1,30,69007
0,43,26715
0,20,75482
0,31,56576
1,48,43095
1,45,54690
1,30,39734
0,21,139442
0,26,64919
0,48,55695
1,44,143079
1,20,22520
0,37,36455
0,41,58895
0,35,18986
0,49,127387
0,44,82178
1,22,61801
1,27,73018
1,22,14493
0,33,44379
1,53,85668
0,34,62829
0,36,44306
0,32,43237
1,20,91014
0,22,43378
1,25,75717
0,53,146028
1,35,20688
1,25,91664
1,46,152004
1,40,148831
0,44,82779
1,35,124877
0,59,47372
1,31,136576
0,20,34793
1,43,138022
0,59,55699
1,47,52628
0,33,64177
1,29,108738
1,44,83751
0,55,81861
1,33,81076
1,37,20886
0,52,35267
0,52,71921
1,24,104726
0,57,37285
1,49,45133
1,45,76652
0,23,39488
2,35,30643
0,28,63960
0,27,45531
-1,31,79018
0,40,112639
1,39,57249
0,45,53611
1,35,120651
0,34,91951
0,40,19966
0,44,128094
1,19,124515
0,39,110719
0,27,108056
0,34,70268
1,37,145105
0,40,55914
0,43,38219
0,37,70694
2,41,62977
1,34,52609
1,37,158548
1,44,77022
0,36,41479
0,35,95366
1,29,55948
0,51,124363
1,37,34374
0,53,18135
0,43,139301
1,55,68556
1,43,83141
0,47,42405
1,48,63576
0,33,32758
1,41,66724
1,28,12041
1,31,75952
0,41,133700
1,19,47083
0,25,95845
0,33,20002
0,40,78401
1,23,54725
1,45,30511
1,44,55416
0,18,83133
1,49,91906
0,26,39471
0,37,71170
1,49,42299
0,30,34773
0,48,30285
0,29,25075
0,51,147632
1,47,67436
0,37,58658
1,47,84022
1,31,68900
1,26,28727
0,54,97188
1,24,45710
1,43,81891
1,41,38255
0,41,74113
1,42,74553
0,21,66575
2,24,35511
0,29,103497
0,50,162534
1,40,81952
1,38,74392
0,30,53295
0,27,113572
1,22,70605
0,54,56325
0,22,32605
0,25,65713
1,34,137442
-1,46,137563
1,22,73391
0,22,146379
0,25,80898
0,24,32897
1,35,76636
0,44,25334
1,32,107692
1,49,56865
0,19,54059
1,22,73104
1,56,48056
1,41,64883
0,48,131621
1,37,81852
0,43,88011
0,50,29450
1,39,78153
0,33,66421
1,24,120027
1,21,39820
1,36,68356
1,28,39184
1,47,51844
0,49,49892
1,40,85458
0,28,27503
0,23,129818
1,43,122719
1,42,150472
1,42,106533
1,57,114957
0,23,27798
2,39,71303
1,55,56565
1,22,104414
0,39,26015
1,27,47431
0,30,93612
1,23,26606
1,60,91923
0,37,50901
0,37,97262
0,44,108181
1,28,73339
0,29,154176
1,56,56291
0,45,184824
1,57,87832
0,22,73360
0,42,71851
0,58,44401
0,56,109229
1,58,99652
1,45,61950
0,26,48605
1,35,16530
0,21,102502
0,38,86643
0,29,87147
0,38,110534
1,37,117254
0,35,88727
1,24,83101
0,47,80199
0,28,31492
0,44,45723
1,52,36755
1,34,162929
1,29,33107
0,41,149852
1,28,36556
0,23,45553
0,47,37972
1,20,24521
1,32,188962
0,37,69387
0,35,89812
1,29,70713
0,51,52931
1,60,49324
1,27,59474
1,38,11791
0,40,40054
1,58,71952
0,25,87892
1,32,67619
1,27,102869
0,22,64309
0,41,139680
0,50,54485
0,31,10351
1,22,95464
0,38,77375
0,33,67463
1,42,79827
0,31,27872
-1,54,68898
1,35,30506
0,25,77977
0,41,47489
1,30,129411
1,25,5499
1,29,77503
0,19,49070
0,36,60928
0,49,51683
1,28,30957
0,40,96317
0,43,96624
1,45,48518
0,57,89745
1,29,51905
1,51,57431
0,37,73065
0,42,114286
1,42,14599
0,52,95609
0,54,84571
0,25,87530
0,40,39163
0,58,56678
0,59,56774
1,42,89283
0,34,43019
1,41,77815
1,54,71976
0,55,108916
0,42,33642
0,26,77470
0,54,53728
1,35,58839
1,19,47110
0,44,54096
0,21,105164
0,28,123033
0,27,95862
1,57,90481
0,30,95082
0,32,81751
1,34,61620
0,34,45448
0,40,92807
0,29,69128
1,43,97373
0,30,110007
0,33,8203
1,47,61446
1,20,101162
1,43,23308
2,23,50780
0,25,75826
0,43,42000
0,37,91596
1,32,92158
1,39,42263
0,34,84037
1,37,132769
0,32,105791
0,18,86053
0,35,210018
0,34,91792
0,24,89803
0,27,39133
0,35,99401
1,42,29623
1,34,37316
1,58,93829
0,38,63552
0,28,66962
1,42,77572
0,32,120361
0,41,82504
1,36,40320
1,38,90979
0,39,150689
0,46,46268
0,55,53045
1,27,126318
0,44,73387
1,48,127521
0,49,114124
1,58,60974
1,21,113659
1,34,16602
1,23,126851
0,32,7444
1,38,79474
0,20,103790
0,39,67896
0,22,57929
0,32,58077
1,50,59982
0,41,153357
0,29,45674
0,34,59490
1,28,98674
0,52,17646
1,46,54264
1,25,53979
0,41,87006
0,49,119543
0,49,41275
1,52,136792
0,38,148239
0,25,53639
0,38,106305
1,26,73005
1,36,23756
-1,24,82574
1,23,114888
1,33,50537
1,34,86704
1,23,23225
0,20,39551
1,37,67296
0,20,37391
1,38,70294
0,27,103587
1,37,16030
1,39,128098
1,49,43621
0,60,170410
1,39,84579
0,46,96897
1,26,83083
0,36,52869
1,49,72885
1,57,59098
1,26,69070
0,52,91429
0,42,32848
0,60,142010
1,26,64393
0,33,78123
1,40,32039
0,30,90135
0,20,71778
1,34,101379
1,27,67927
0,44,80475
1,56,63914
1,49,54167
1,24,95099
0,38,85709
1,53,121659
1,20,148782
0,34,95935
0,56,37663
0,36,110315
2,34,82970
2,21,47839
1,43,51800
1,30,106264
0,39,114073
2,19,47255
1,38,53180
0,19,40405
0,18,80208
0,60,81183
0,20,59345
1,23,33680
1,42,47515
1,38,41814
1,18,116439
0,23,80303
1,18,58878
0,35,63079
0,45,45078
0,49,174425
1,21,55689
1,23,108674
0,24,63773
0,26,13692
0,57,97960
0,55,84452
1,44,91860
0,44,110951
0,54,49554
0,46,170255
1,19,24604
1,58,22475
0,42,38494
0,22,83793
1,48,43855
0,47,123367
1,44,122729
1,37,87108
1,58,101009
1,41,118198
0,51,56288
1,38,48528
0,50,60808
1,30,78146
0,40,62121
0,47,43441
2,47,95483
0,36,81204
0,38,174365
1,37,56724
0,41,65558
0,30,41143
1,31,32597
0,52,52018
2,37,37420
1,43,103305
0,34,82119
0,42,37773
1,35,43492
1,51,69090
1,36,47608
1,46,108487
0,30,44968
2,33,115115
1,27,83648
0,35,166147
1,43,99069
0,41,165322
0,30,38970
1,29,58339
0,52,95873
1,46,35783
0,51,184714
1,42,66733
1,52,87259
1,60,125841
0,39,74171
-1,36,78837
0,40,85460
0,36,37431
1,49,32843
0,27,47345
1,43,29483
2,39,107833
2,51,38136
1,53,22104
1,34,48489
0,21,40899
1,40,59692
0,40,82603
1,49,123646
0,34,76412
0,41,51957
0,25,65514
0,22,93929
1,47,142772
1,33,20451
0,37,41463
1,34,127246
0,45,112231
0,36,87840
0,26,147388
1,20,48191
1,29,57034
1,57,136044
1,43,56457
0,52,53790
1,37,76550
0,43,34361
-1,49,137699
1,42,83638
0,35,150321
1,33,18728
1,57,128559
1,32,43128
1,43,37423
0,28,68354
1,44,82365
0,54,90743
0,55,119202
0,28,61726
1,44,42650
0,34,58854
0,31,49619
1,30,92605
1,36,106937
0,46,77881
1,59,28590
0,36,22304
1,31,80574
0,47,96259
0,27,58177
1,22,48888
1,49,75978
1,53,116847
1,34,8749
1,46,68391
0,33,120291
1,59,141002
1,35,52729
0,19,56014
1,40,93476
0,28,51409
0,43,135228
0,19,50837
1,25,142697
1,34,77014
1,33,47175
0,34,41027
0,42,166467
0,40,93654
1,29,112166
1,25,17098
0,57,39948
1,48,82476
1,22,30044
0,27,33502
0,46,40368
1,19,51544
1,45,118254
1,35,48770
1,38,142215
1,26,116549
0,40,54163
0,57,50194
0,42,73574
0,48,85124
0,44,73447
1,46,33511
1,22,85646
1,33,52290
0,42,60746
0,51,98250
0,31,74725
0,50,85909
1,35,41737
1,43,51252
1,20,82574
0,45,32376
0,35,57753
0,35,80375
0,57,129018
1,19,120609
0,36,64493
1,47,53566
0,25,69649
1,27,95427
1,50,82281
1,24,11007
0,42,82288
0,52,125282
1,41,71269
0,47,74611
1,32,108662
0,31,16613
0,44,45243
0,42,68685
0,20,115159
0,56,47124
1,21,112199
0,35,79978
0,34,51974
1,48,-3094
0,50,39085
1,29,56625
1,44,54232
1,50,153026
1,43,87969
1,32,141615
1,36,174032
0,55,130437
1,42,83744
0,36,54120
0,46,119388
0,42,37805
1,28,38127
1,27,109705
0,19,46629
1,26,85077
1,50,62502
0,46,88899
0,60,78819
1,35,85713
1,57,41739
0,57,64083
0,48,151300
0,43,118857
0,49,102465
1,36,77710
1,53,97706
1,31,103015
1,55,55663
0,36,49071
0,47,64508
1,55,27827
0,18,165224
1,48,84122
0,37,61287
1,42,60361
0,44,60255
1,31,51127
1,39,180258
2,34,141959
1,19,23897
1,43,42999
0,34,98885
0,24,35976
0,38,70588
0,48,77095
0,50,88547
1,37,35164
0,36,51741
1,23,44999
1,21,67869
1,52,63979
1,21,38292
1,41,89608
0,23,69359
0,31,69875
0,34,47500
0,40,95828
0,38,47007
1,50,24048
0,41,65399
1,52,48124
0,58,69033
1,32,140490
0,46,73167
0,29,81176
1,22,33192
0,31,100719
0,21,16418
0,56,96599
1,27,66503
1,54,138060
0,55,65654
0,45,41517
0,42,165921
0,18,106042
0,25,106031
1,39,33177
1,30,60794
0,32,82782
0,34,59561
0,54,96713
1,34,119436
1,35,90436
0,42,121922
1,22,61143
1,40,87914
2,49,14638
0,35,28334
1,54,105584
1,47,171282
1,58,52684
1,34,52337
1,31,80450
1,32,57357
1,50,105498
1,32,40493
0,24,43281
0,56,85578
0,29,26274
1,37,69665
0,29,45904
0,51,66215
1,46,81948
1,30,70944
0,54,59952
1,40,150326
1,54,70478
0,34,61371
0,46,106003
0,59,44821
0,24,38107
1,23,85751
1,32,127461
0,43,69215
1,34,60919
1,36,36328
0,49,45427
0,37,25932
1,43,69823
1,21,104783
0,51,155214
0,55,121120
0,55,24655
0,32,36809
0,45,50778
1,57,133251
0,49,42901
1,35,81226
1,30,89580
1,23,67699
0,47,29423
0,53,86528
1,35,27409
0,37,14800
0,38,40744
0,49,24053
0,47,142648
1,33,57215
1,47,80692
1,37,137020
2,55,94535
1,44,47896
1,53,34458
1,19,45331
-1,60,88244
1,19,44215
1,36,29471
0,38,64035
1,28,79904
1,23,62312
1,42,31395
1,47,128205
0,44,105133
1,28,65581
0,21,128318
0,48,50154
0,45,82980
0,25,174703
1,40,142163
0,23,54616
1,34,91374
0,36,15328
0,46,75850
0,59,138273
0,57,46985
2,40,46313
0,28,50827
0,27,53801
0,39,43543
1,25,57229
0,57,66355
1,55,37178
0,38,66761
0,37,65531
2,40,94782
1,19,25834
0,53,36684
1,22,32957
0,22,52600
1,34,148680
1,35,96938
1,46,39568
1,24,28642
1,36,54986
0,38,26057
1,44,66180
1,41,26632
0,46,13076
1,43,79299
0,24,53191
0,27,61045
1,51,18633
0,37,48566
0,32,34853
0,51,115849
-1,36,32703
0,35,119674
1,29,42114
1,42,11643
0,56,55548
1,39,96422
1,54,101557
0,51,57932
0,50,97128
0,47,32562
1,55,69146
1,40,78727
0,29,127524
1,30,37037
0,45,59929
1,21,104468
1,36,63608
0,24,81208
1,53,65653
0,33,24457
1,23,52589
1,38,94082
0,40,43991
1,28,89066
0,42,84667
0,22,62636
0,44,164623
0,44,32799
1,36,91341
1,40,14493
1,24,104307
0,32,86647
0,29,106224
0,34,44849
1,22,101621
1,35,128508
1,26,33083
1,21,64507
1,32,107756
0,46,71106
1,57,32841
0,34,63795
0,28,52698
0,53,54203
0,40,43557
1,47,105469
1,26,175002
1,38,77896
1,46,98120
0,35,57032
1,43,102655
1,38,98870
1,25,36409
0,54,40345
0,32,48462
1,58,100105
1,46,65524
1,52,52893
0,22,62848
1,30,72353
1,58,119563
0,24,104503
0,26,91339
-1,60,102537
1,30,75987
1,35,51953
1,32,56631
1,38,70888
1,40,58184
1,50,17264
0,27,94325
0,44,77401
1,51,146118
1,40,124525
1,34,32436
0,54,90515
2,37,53897
0,51,101149
-1,44,89666
0,45,117076
0,50,19548
0,24,88619
1,52,77428
0,48,46640
0,33,34333
2,29,43968
0,52,76686
0,53,86038
0,42,58079
1,39,34428
0,38,26035
0,54,28882
1,50,113636
0,35,63991
0,24,65410
1,41,55716
0,20,63035
1,23,26749
1,47,104339
0,32,26282
0,25,68593
0,33,53640
1,18,24744
1,19,84382
1,47,73191
1,51,43819
2,57,103953
0,29,54621
-1,29,37602
1,20,106048
1,34,76292
1,53,45824
1,29,44806
0,43,111508
0,42,105412
0,28,34838
1,39,109573
0,53,130870
0,38,62822
1,28,49568
1,27,93697
0,38,62711
0,50,38061
0,37,38877
0,40,90839
1,53,110334
0,26,55298
0,36,83714
1,18,67446
0,54,33179
0,57,44183
1,22,156127
0,40,43027
1,25,63902
0,39,121681
0,41,85332
0,46,143129
1,39,53873
0,32,5483
0,30,84372
0,40,220692
0,25,29139
0,24,48848
0,22,40141
0,37,104853
0,42,80559
0,48,56184
1,40,72773
0,22,64227
1,44,215924
1,22,41307
0,39,89905
1,45,105687
1,19,31964
0,33,19459
0,32,129086
0,36,30599
1,31,111765
0,54,35684
1,43,88065
0,30,34649
1,40,83964
1,37,110963
0,43,79271
0,33,66429
0,33,49700
0,39,80786
0,41,125666
0,50,63758
1,47,101612
0,53,92446
0,48,71194
1,38,49723
1,34,21019
0,19,56757
1,43,48041
0,40,89301
0,39,44195
0,35,122736
1,30,135905
1,58,44385
1,35,106495
0,45,56097
0,49,103754
0,46,75249
0,30,100447
1,44,75301
1,42,112731
0,22,116348
0,18,70142
1,20,111736
0,36,159593
0,34,67693
1,26,72054
0,33,42668
0,20,136622
0,24,82825
0,31,53182
1,37,62919
1,26,16606
1,19,13265
1,50,109095
0,28,39877
0,21,57039
0,39,90755
1,45,83052
0,40,30367
0,35,65919
0,31,28096
1,30,89119
0,38,92887
0,27,101221
0,51,66358
-1,41,47078
1,41,58730
1,27,156663
0,48,69717
0,20,45567
0,22,34324
1,32,37725
1,36,122726
0,24,81076
0,49,65094
0,37,73524
0,36,51575
1,37,62234
1,35,167913
0,51,113457
0,44,78903
0,43,73985
0,29,66784
0,32,27532
0,50,111072
0,31,149677
0,22,46794
0,31,98240
1,41,45427
0,49,135332
0,57,40497
1,29,66021
0,57,81745
0,30,45196
1,39,61730
0,35,78366
1,42,56969
1,31,42644
0,38,33845
1,23,38833
0,60,43279
1,37,68347
1,51,43523
1,35,122655
0,53,153878
0,26,41784
1,31,121791
0,46,46130
1,37,54209
-1,51,130822
1,35,74282
0,32,133493
1,55,101209
1,26,123420
1,38,49667
0,40,71341
1,37,157297
1,29,35588
1,34,69719
1,30,67325
1,51,60391
0,35,66364
0,50,44429
1,42,50784
0,31,27720
1,21,62681
1,37,38765
0,23,66277
0,27,39107
1,55,66047
1,28,75873
0,47,127549
0,59,39073
1,25,17807
0,28,47804
0,42,76436
1,21,136921
1,41,84714
0,28,82793
1,46,62344
0,35,75891
1,43,143107
1,42,45594
0,41,21132
2,49,54862
1,37,87105
0,47,91396
1,41,136073
1,31,54906
0,28,21989
1,49,89284
1,43,156642
0,54,55834
0,45,54357
0,19,48779
1,33,35188
1,33,91325
0,28,20682
1,40,55525
1,44,62394
1,25,92740
0,23,28358
1,27,52800
0,32,65100
0,42,18971
0,31,52668
0,30,115616
0,25,105257
0,25,57440
0,50,71426
0,43,43012
1,32,89002
2,25,22823
0,38,103021
1,27,91885
0,47,58762
-1,33,164521
2,43,76060
0,47,22478
0,27,111333
1,41,95195
1,43,174233
0,42,32449
1,26,132150
1,26,60496
0,19,49143
0,34,110220
0,33,72900
0,53,58530
0,27,110404
1,40,24205
0,39,109026
0,26,52506
0,36,111350
1,41,63534
0,29,29802
0,32,22436
1,46,66656
0,36,78372
0,57,55885
0,21,75496
3,46,62902
1,31,52757
1,32,9222
1,38,38535
1,32,58696
1,33,139466
0,41,165521
1,34,69498
0,25,69298
0,56,59453
0,30,58270
0,56,65764
0,32,16600
0,31,89868
1,32,116322
1,35,48412
0,53,54938
1,25,57922
1,38,72003
-1,44,123757
-1,49,196554
0,41,75626
0,27,44159
1,40,99584
0,33,65897
0,37,68352
1,40,78655
1,38,51585
1,57,44452
0,47,121699
1,46,133082
0,28,68334
0,40,161871
1,22,252705
1,19,37006
1,35,97178
1,29,107444
1,40,79331
0,36,76654
0,32,96827
1,40,82957
0,44,20364
1,34,42200
0,56,105449
1,41,111996
0,52,111883
1,27,92369
0,58,109107
1,44,65259
1,25,65783
0,45,121453
0,59,89889
1,30,31709
0,51,251939
1,27,169545
1,55,98831
1,38,76570
1,32,76996
1,41,125524
